[
  { "term": "O que você faz com patins?", "definition": "Andar de patins", "options": ["Jogar futebol", "Andar de patins", "Pintar", "Cozinhar"] },
  { "term": "Como você faz um som com os lábios?", "definition": "Assobiar", "options": ["Assobiar", "Cantar", "Falar", "Sussurrar"] },
  { "term": "Qual instrumento você toca que usa um bocal pequeno e longo?", "definition": "Tocar flauta", "options": ["Guitarra", "Bateria", "Flauta", "Piano"] },
  { "term": "O que você faz ao som de música?", "definition": "Dançar", "options": ["Cantar", "Dançar", "Cozinhar", "Estudar"] },
  { "term": "O que você joga em um campo com uma bola?", "definition": "Jogar futebol", "options": ["Jogar basquete", "Jogar futebol", "Nadar", "Andar de patins"] }
]
