[
  { "term": "Qual é o nome da peça mais básica no xadrez?", "definition": "Peão", "options": ["Rei", "Peão", "Rainha", "Cavalo"] },
  { "term": "Qual peça no xadrez parece uma torre?", "definition": "Torre", "options": ["Cavalo", "Rei", "Rainha", "Torre"] },
  { "term": "Qual peça se move em diagonal?", "definition": "Bispo", "options": ["Cavalo", "Peão", "Rainha", "Bispo"] },
  { "term": "Qual peça parece um cavalo?", "definition": "Cavalo", "options": ["Rei", "Cavalo", "Peão", "Torre"] }
]
