[
  {
    "term": "Sing",
    "definition": "Canto",
    "options": ["Canto", "Dança", "Correr", "Cantarolar"]
  },
  {
    "term": "Swing",
    "definition": "Balanço",
    "options": ["Balanço", "Saltitar", "Pular", "Dançar"]
  },
  {
    "term": "Wing",
    "definition": "Asa",
    "options": ["Asa", "Pernas", "Cauda", "Bico"]
  },
  {
    "term": "Ring",
    "definition": "Anel",
    "options": ["Anel", "Pulseira", "Colar", "Brinco"]
  },
  {
    "term": "King",
    "definition": "Rei",
    "options": ["Rei", "Rainha", "Príncipe", "Governador"]
  },
  {
    "term": "String",
    "definition": "Corda",
    "options": ["Corda", "Fio", "Cordão", "Fita"]
  },
  {
    "term": "Spring",
    "definition": "Mola / Primavera",
    "options": ["Mola", "Primavera", "Estação", "Pulo"]
  },
  {
    "term": "Cling",
    "definition": "Aderência",
    "options": ["Aderência", "Força", "Imã", "Abraço"]
  },
  {
    "term": "Fling",
    "definition": "Arremesso",
    "options": ["Arremesso", "Lançamento", "Jogar", "Lançar"]
  },
  {
    "term": "Ping",
    "definition": "Sinal de rede",
    "options": ["Sinal de rede", "Toque", "Barulho", "Som"]
  },
  {
    "term": "Sting",
    "definition": "Picada",
    "options": ["Picada", "Dorzinha", "Ferida", "Arranhão"]
  },
  {
    "term": "Bring",
    "definition": "Trazer",
    "options": ["Trazer", "Levar", "Carregar", "Ajudar"]
  },
  {
    "term": "Bling",
    "definition": "Joias chamativas",
    "options": ["Joias chamativas", "Acessórios", "Brincos", "Relógios"]
  },
  {
    "term": "Thing",
    "definition": "Coisa",
    "options": ["Coisa", "Objeto", "Item", "Produto"]
  }
]
