[
  {
    "term": "Como chamamos a ação de fazer música com a voz?",
    "definition": "Cantar",
    "options": ["Cantar", "Assobiar", "Falar", "Cantarolar"]
  },
  {
    "term": "O que você faz para se balançar em um parque?",
    "definition": "Balançar",
    "options": ["Balançar", "Pular", "Correr", "Escalar"]
  },
  {
    "term": "Qual parte do corpo de um pássaro o ajuda a voar?",
    "definition": "Asa",
    "options": ["Asa", "Pernas", "Bico", "Cauda"]
  },
  {
    "term": "Qual objeto pequeno e redondo é usado como joia?",
    "definition": "Anel",
    "options": ["Anel", "Brinco", "Colar", "Pulseira"]
  },
  {
    "term": "Como chamamos qualquer coisa que não sabemos o nome?",
    "definition": "Coisa",
    "options": ["Coisa", "Objeto", "Coisa Vaga", "Objeto Inútil"]
  },
  {
    "term": "Quem governa um reino?",
    "definition": "Rei",
    "options": ["Rei", "Rainha", "Príncipe", "Governador"]
  },
  {
    "term": "A palavra 'Running' termina com -ing?",
    "definition": "Verdadeiro",
    "options": ["Verdadeiro", "Falso"]
  },
  {
    "term": "A palavra 'Swim' termina com -ing?",
    "definition": "Falso",
    "options": ["Verdadeiro", "Falso"]
  },
  {
    "term": "'Cooking' descreve a ação de preparar comida?",
    "definition": "Verdadeiro",
    "options": ["Verdadeiro", "Falso"]
  },
  {
    "term": "'Bringing' é o gerúndio de 'bring'?",
    "definition": "Verdadeiro",
    "options": ["Verdadeiro", "Falso"]
  }
]
